card_number,suit,challenge_text
1,spades,Salaman dengan si paling susah di-chat di grup
2,diamonds,Salaman dengan si paling jago ngeles
3,clubs,Salaman dengan si paling receh
4,hearts,Salaman dengan si paling sering ketiduran
5,star,Salaman dengan si paling random isi kepalanya
6,spades,Salaman dengan si paling sering panic attack
7,hearts,Salaman dengan si paling good vibes
8,diamonds,Salaman dengan si paling fashionable
9,clubs,Salaman dengan si paling tukang makan / nyemil
10,star,Salaman dengan si paling sabar
11,spades,Salaman dengan si paling problem solver
12,hearts,Salaman dengan si paling pendengar yang baik
13,diamonds,Salaman dengan si paling diam-diam care
14,clubs,Salaman dengan si paling rela berkorban
15,star,Salaman dengan si paling berkembang pesat
16,spades,Salaman dengan si paling tegar
17,diamonds,Salaman dengan si paling berkesan
18,hearts,Salaman dengan si paling kamu sayang
19,clubs,Salaman dengan seseorang yang pernah kamu repotin
20,star,Salaman dengan teman yang bakal paling kamu kangenin
